[
  {
    "title": "输入文本",
    "type": "input",
    "action": "input text <input>"
  },
  {
    "title": "打开链接",
    "type": "input",
    "action": "am start -W -a android.intent.action.VIEW -d <input>"
  },

  {
    "title": "按键",
    "type": "group",
    "spanCount": 3,
    "children": [
      {
        "title": "Home键",
        "type": "button",
        "action": "input keyevent 3"
      },{
        "title": "返回键",
        "type": "button",
        "action": "input keyevent 4"
      },{
        "title": "菜单键",
        "type": "button",
        "action": "input keyevent 82"
      },
      {
        "title": "音量+",
        "type": "button",
        "action": "input keyevent 24"
      },{
        "title": "音量-",
        "type": "button",
        "action": "input keyevent 25"
      },{
        "title": "电源键",
        "type": "button",
        "action": "input keyevent 26"
      }
    ]
  },
  {
    "title": "其它",
    "type": "group",
    "spanCount": 4,
    "children": [
      {
        "title": "键盘输入",
        "type": "keyboard"
      },
      {
        "title": "屏幕截取",
        "type": "screenshot"
      }
    ]
  }
]